46.216189,5.658177,"Rue de la Roche Thomas"
45.802872,5.519666,"Rue du Bac à Thomas"
46.212225,5.325426,"Rue Thomas Riboud"
46.234682,6.023097,"Rue Thomas Edison"
46.195732,5.219606,"Rue Ambroise Thomas"
46.204611,5.225774,"Rue Thomas Riboud"
49.396312,3.527789,"Lotissement la Croix Thomas"
49.396313,3.527789,"La Croix Thomas"
49.882806,3.314207,"Lotissement Bois Thomas"
49.881129,3.315103,"Rue Thomas"
49.880691,3.315646,"Rue du Bois Thomas"
49.838715,3.492801,"Rue Thomas de Paris"
49.509028,3.846186,"Rue de Saint Thomas"
49.511486,3.45334,"Rue Albert Thomas"
49.250074,3.106521,"Rue Albert Thomas"
49.844852,3.287218,"Rue Brassette Saint Thomas"
49.852032,3.284275,"Rue Albert Thomas"
46.207734,3.192322,"Rue de l'Ouche Thomas"
46.466289,3.934907,"Rue du Moulin Thomas"
46.629346,3.304933,"Place Jean Thomas"
46.561484,3.338407,"Rue Philippe Thomas"
46.350857,2.592167,"Avenue Albert Thomas"
44.643776,6.173756,"Chemin du Thomas"
44.565875,6.078706,"Rue Colonel Thomas Piddington"
44.116506,6.906824,"Place Thomas Guerin"
43.722883,7.149632,"Chemin Thomas Garbies"
43.670888,7.19166,"Avenue Thomas Decaroli"
43.60806,6.96199,"Chemin Thomas et Pallanca"
43.656244,7.149723,"Rue Thomas Edison"
43.679495,6.957151,"Rue Thomas Cresp"
44.91594,4.706384,"Thomas"
44.327712,4.617066,"Impasse Saint Thomas"
44.73579,4.597806,"Rue Saint Thomas"
44.934555,4.864407,"Rue Thomas Edison"
49.454775,4.081343,"Rue Louis Thomas Camus"
49.676472,4.979784,"Ruelle Thomas"
49.991063,4.706489,"Rue Albert Thomas"
50.131668,4.845887,"Rue du Lt Colonel Andre Thomas"
49.775241,4.733381,"Rue Henri Thomas"
49.787543,4.71319,"Rue Albert Thomas"
43.021787,1.967432,"Rue Thomas Lavaur"
43.194654,1.609894,"Impasse Thomas Sarti"
43.17135,1.412904,"Thomas"
43.172335,1.411272,"Avant Thomas"
43.170991,1.411776,"Quartier Thomas"
43.219761,1.542182,"Ferme de Thomas"
43.219901,1.541887,"Thomas"
48.311124,4.050511,"Rue Albert Thomas"
43.21307,2.326726,"Avenue Thomas Edison"
43.176271,2.412617,"Rue Thomas Bouges"
43.3129,1.947593,"Quai Thomas Jefferson"
43.182804,3.00286,"Place Albert Thomas"
43.290214,2.972606,"Lotissement le Clos Saint-thomas"
42.925563,1.987649,"Métairie d'En Thomas"
44.573867,2.080315,"Avenue Albert Thomas"
44.630368,2.706526,"Route du Thomas"
44.102959,3.060841,"Rue de l'Abbe G Thomas Raynal"
44.374449,2.539114,"Rue Thomas Edison"
43.960799,2.860511,"Rue Thomas Edison"
43.950556,2.893587,"Rue Maurice Charles Thomas"
44.335082,3.03248,"Rue Guillaume Thomas Raynal"
43.53296,5.459671,"Rue Saint Thomas de Villeneuve"
43.684905,4.634628,"Rue Thomas Alva Edison"
43.671102,4.643252,"Rue Albert Thomas"
43.393666,5.032903,"Allee Thomas Edison"
43.805062,4.956286,"Chemin de la Chap Saint Thomas"
43.468491,5.013526,"Allée Thomas Edison"
43.312943,5.379704,"Rue Thomas Gaspard Fortune Barsotti"
43.285109,5.360172,"Boulevard Marius Thomas"
43.356787,5.343714,"Boulevard Thomas"
49.200339,-0.413685,"Rue du Lieutenant Thomas Windsor"
49.241639,-0.287154,"Rue Lucien Thomas"
48.897036,-0.454597,"Impasse Henri Thomas"
49.203402,-0.299988,"Rue Thomas Masaryk"
49.202257,-0.302738,"Place Albert Thomas"
49.277906,-0.564724,"R St Thomas"
49.276794,-0.564956,"Rue Saint Thomas Becket"
49.296,-0.321384,"Rue Lt Col Thomas Malcom Gray"
49.155936,0.219332,"Rue Thomas Bazin"
49.042488,0.187416,"Route des Thomas"
49.288039,-0.256595,"Place Alfred Thomas"
49.33284,0.25235,"Chemin du Rang Thomas"
49.003998,0.079512,"Chemin de la Cour Thomas"
49.014881,-0.03825,"Rue Thomas Dunot"
49.399341,0.128678,"Rue Thomas Jean Montsaint"
49.093241,-0.643561,"Rue du Jardin Thomas"
48.838785,-0.887566,"Place Saint Thomas"
45.210928,2.31614,"Lieu Dit Saint Thomas"
45.030697,3.114629,"Saint Thomas"
45.626266,0.147712,"Impasse Thomas Edison"
45.471223,-0.153447,"Rue Thomas Veillon"
45.717806,0.248428,"Chemin Paul Thomas"
46.034734,0.410857,"Chez Pere Thomas"
45.238422,0.117172,"Chez Thomas"
45.869408,-0.849295,"Route de Saint-thomas"
45.905199,-1.260028,"Rue Thomas Edison"
46.170821,-1.169572,"Rue Thomas Souville"
45.860539,-0.327756,"Lotissement de la Croix Thomas"
45.860766,-0.327832,"Croix Thomas"
46.247157,-1.507965,"Rue du Pas Thomas"
45.64807,-0.646599,"Rue du Petit Saint Thomas"
45.95313,-0.978979,"Impasse Thomas Narcejac"
45.943425,-0.960569,"Avenue Thomas Wilson"
45.940087,-0.981638,"Impasse Gustave Thomas"
46.156025,-1.145735,"Rue Eugene Thomas"
46.174448,-1.138485,"Rue Thomas Edison"
46.163049,-1.211166,"Rue Thomas Paine"
45.418441,-0.643285,"Route de Saint-thomas"
45.751459,-0.925377,"Route de Saint Thomas"
45.605089,-0.971844,"Rue Thomas Edison"
45.393225,-0.643658,"Route de Saint-thomas"
45.846567,-0.873718,"Rue Saint Thomas"
45.425902,-0.659451,"Rue de Saint Thomas"
45.368192,-0.678872,"Route de Saint-thomas"
45.841769,-1.207384,"Place Thomas Russy"
45.786307,-0.651882,"Rue de Saint Thomas"
45.788445,-0.647935,"Ruelle de Saint Thomas"
45.784829,-0.652654,"Route de Saint-thomas"
47.557248,2.449733,"Rue Madame Ferme Thomas"
47.044841,2.344854,"Rue Thomas Edison"
47.428384,2.563226,"Bois Thomas"
47.450969,2.318121,"Les Thomas"
47.449329,2.312525,"Lotissement des Thomas"
47.448809,2.311123,"Chemin des Thomas"
46.795112,2.686608,"L'Ouche Thomas"
45.388012,2.491754,"Avenue de Saint Thomas"
45.161405,1.526564,"Rue Thomas Edison"
45.155106,1.499024,"Rue Louis Thomas"
45.148463,1.538549,"Rue Albert Thomas"
45.147643,1.538016,"Impasse Albert Thomas"
45.309525,2.016001,"Thomas"
45.19587,1.622282,"Place Thomas Rougier"
45.492836,2.309026,"Route de Thomas"
45.490042,2.310733,"Lotissement Thomas"
45.051243,1.671122,"Impasse Saint Thomas"
45.048111,1.6708,"Saint-thomas"
45.375266,2.272263,"Impasse de Saint Thomas"
45.377319,2.273166,"Passage de Saint Thomas"
45.374813,2.271896,"Chemin de Saint-thomas"
45.37738,2.273238,"Rue de Saint Thomas"
47.660189,4.625796,"Rue Saint Thomas"
47.933879,4.826245,"Rue Henri Thomas"
47.298007,5.020041,"Rue Albert Thomas"
47.331635,5.077767,"Impasse Alexis Thomas"
48.484586,-2.642776,"Rue Saint-thomas"
48.432068,-2.493158,"Les Champs Thomas Maroué"
48.759467,-3.471524,"Rue Thomas Edison"
48.343353,-3.422348,"Ker Thomas"
48.586806,-3.082553,"Ker Thomas"
48.21669,-2.913846,"Le Port Thomas"
48.837746,-3.281408,"Rue Ambroise Thomas"
48.444614,-2.743263,"Rue Abbé Thomas"
48.509201,-1.976235,"Chemin de la Font Saint Thomas"
48.701956,-3.16325,"Rue de Saint Thomas"
48.69977,-3.161396,"Cote St Thomas"
48.553666,-2.857395,"Rue du Puits Thomas"
48.723152,-3.39562,"Route de Parcou Thomas"
48.236311,-3.316046,"Passage Louis Thomas"
48.503398,-2.765019,"Rue Albert Thomas"
48.465302,-2.893355,"Les Aires Thomas"
48.473886,-2.885345,"Rue de la Croix Thomas"
44.696572,0.706499,"Les Thomas"
44.86315,0.481217,"Rue René Thomas"
44.843605,0.495487,"Rue Albert Thomas"
45.183293,0.74282,"Rue Thomas Edison"
44.826874,0.703371,"Rue Thomas Fernandez"
45.391448,1.138478,"Place Thomas Robert Bugeaud"
44.910099,1.118137,"Thomas"
44.911764,1.118772,"Route de Thomas"
44.910289,1.117311,"Hameau de Thomas"
45.543099,0.609294,"Chez Thomas"
44.696813,1.142614,"Thomas"
44.869669,1.231471,"Rue Adrien Thomas"
45.422932,0.790128,"Les Thomas Ouest"
47.2353,5.98249,"Rue Thomas Edison"
47.2414,5.99156,"Rue Albert Thomas"
46.888122,6.331585,"Rue Thomas Edison"
47.004738,6.541964,"Rue les Champs Thomas"
47.004883,6.541921,"Les Champ Thomas"
47.509618,6.800045,"Rue Albert Thomas"
47.50982,6.799714,"Place Albert Thomas"
46.905666,6.349357,"Rue Emile Thomas"
47.460168,6.828468,"Rue Ambroise Thomas"
45.000613,5.182157,"Route de la Croix Thomas"
45.037162,5.085011,"Rue Thomas Edison"
45.175706,5.052355,"Chemin des Thomas"
44.780646,4.826353,"Impasse Thomas Edison"
45.056385,5.256166,"Route de Saint Thomas"
45.02298,5.288283,"Route de Saint Thomas"
45.033059,5.309492,"Route de Saint-thomas"
44.941114,4.924825,"Allee Thomas Edison"
44.917175,4.882286,"Rue Albert Thomas"
49.426711,0.622931,"Route de Saint Thomas"
49.033257,0.828421,"Chemin de Saint Thomas"
49.032327,0.817414,"Saint-thomas"
49.242867,0.971093,"Moulin du Bec Thomas"
49.092012,0.598241,"Rue Thomas Lindet"
49.409877,1.629843,"La Vallée Thomas"
49.353659,0.816774,"Rue du Bourg Thomas"
49.040125,0.995909,"Friche Pierre Thomas"
49.026008,1.165043,"Rue Thomas Edison"
49.027771,1.166152,"Rue du Val Thomas"
49.026142,1.145879,"Petite Rue Saint Thomas"
49.026639,1.145614,"Rue Saint Thomas"
49.372559,0.57172,"Route du Hameau Thomas"
49.043481,0.818414,"Chemin Saint Thomas"
49.234109,0.991339,"Route du Bec Thomas"
49.144805,0.731886,"Rue Louis Thomas"
49.026056,0.829748,"Impasse Saint Thomas"
49.241646,0.982382,"Route de Bec Thomas"
49.241909,1.647584,"Rue Saint-thomas"
48.168329,0.885845,"Rue Saint Thomas"
48.439845,1.488538,"Rue Saint Thomas"
48.578716,1.245684,"Rue Saint Thomas"
48.585053,1.239457,"Rue Albert Thomas"
48.118989,1.437078,"Saint Thomas"
48.727779,1.371584,"Rue Albert Thomas"
48.724782,1.378982,"Rue Thomas Joly"
48.608195,1.673024,"Rue du Prieuré Saint-thomas"
48.432027,1.136195,"Rue Brice Thomas"
48.578508,1.123432,"Route de Mesnil Thomas"
48.115231,1.331819,"Rue Saint Thomas"
48.598129,1.089722,"Le Mesnil Thomas"
48.578505,1.246163,"Rue Saint Thomas"
48.578005,1.249013,"Saint Thomas"
48.726677,1.321811,"Rue Thomas Edison"
48.01858,-4.539114,"Rue Ambroise Thomas"
48.399722,-4.529399,"Rue Francis Thomas"
48.402066,-4.492292,"Rue Albert Thomas"
48.27667,-4.59659,"Place Saint-thomas"
47.892762,-4.08954,"Impasse Park Thomas"
47.892753,-4.089551,"Rue Park Thomas"
47.891632,-4.089255,"Lotissement Minven Parc Thomas"
48.41395,-3.957089,"Impasse Barthelemy Thomas"
48.016122,-4.052673,"Allee Thomas Edison"
47.909501,-3.99558,"Parc Thomas"
47.909501,-3.995579,"Hent Parc Thomas"
48.44939,-4.248799,"Rue St-thomas"
48.448995,-4.249196,"Place Saint-thomas"
47.894554,-4.038064,"Lieu Dit Saint Thomas"
47.89729,-4.035722,"Lieu Dit Penhoat Saint Thomas"
47.906103,-4.042845,"Route de Saint Thomas"
48.373111,-4.36916,"Rue Mathurin Thomas"
48.361857,-4.579116,"Rue Thomas Edison"
47.977026,-4.131566,"Rue Albert Thomas"
48.019988,-4.103211,"Rue Thomas Edison"
48.191467,-3.714508,"Rue Roger Thomas"
44.162659,4.622814,"Rue Louis Thomas"
43.719792,4.32068,"Rue Saint Thomas"
44.295278,4.091301,"Impasse Thomas"
44.125603,4.703502,"Impasse Barry Thomas"
44.305657,4.129029,"Rue du Puits Thomas"
43.845606,4.369454,"Rue Thomas Jefferson"
43.835671,4.361411,"Rue Saint Thomas"
43.324982,1.57373,"Lieu Dit Thomas"
43.327649,1.570922,"Les Bois de Thomas"
43.348956,1.47445,"Rue Albert Thomas"
43.49146,1.076325,"Route de Saint Thomas"
43.604068,1.60441,"Rue Thomas Costanzo"
43.303715,1.406165,"Thomas"
43.220371,1.140702,"Lieu Dit Thomas"
43.501684,1.417675,"Impasse François Thomas"
43.393187,1.262748,"Route Saint Thomas"
43.217699,1.369041,"Thomas"
43.222984,1.372101,"Croix de Thomas"
43.370603,1.416501,"Rue Paul et Thomas Severat"
43.405595,1.633367,"Guilhem Thomas"
43.5151,1.156751,"Route de Saint Thomas"
43.498396,1.151394,"Route de Saint Thomas"
43.499385,1.143168,"Chemin de Saint Thomas"
43.515551,1.166667,"Route de Saint-thomas"
43.57026,1.243531,"Rue Thomas Mann"
43.604711,1.447966,"Place du Président Thomas Woodrow Wilson"
43.567751,1.451871,"Rue Thomas Edison"
43.602963,1.40628,"Rue Thomas Dupuy"
43.579764,1.446112,"Rue Saint Thomas d'Aquin"
43.579855,1.472996,"Rue Ambroise Thomas"
43.900665,0.472724,"À Thomas"
43.668991,0.512026,"Thomas"
43.669288,0.51231,"Impasse de Thomas"
43.509175,1.051206,"Route de Saint Thomas"
43.759124,0.300889,"Rue Saint Thomas"
44.640356,-1.198731,"Avenue Thomas d'Aquin"
44.656861,-1.148616,"Rue Thomas Lussan"
44.662117,-1.177645,"Rue Thomas Illyricus"
44.571678,-0.117782,"Petit Thomas"
44.795401,-0.559107,"Rue Albert Thomas"
44.829488,-0.596482,"Rue Albert Thomas"
44.745164,-0.456049,"Lot les Jardins de Thomas"
44.773913,-0.657792,"Rue Thomas Edison"
44.865801,-0.508998,"Rue Albert Thomas"
45.044483,-0.125718,"Rue Albert Thomas"
44.779231,-0.35374,"Rue Francois Thomas Rey"
45.074566,-0.156458,"Le Moulin de Thomas"
45.074659,-0.156266,"Thomas"
44.917124,-0.246469,"Rue Clément Thomas"
44.946294,-0.090814,"Lieu Dit Thomas"
44.927971,-0.139612,"Thomas"
44.780307,-0.651205,"Rue Thomas Edison"
44.805201,-0.752869,"Allee Thomas Edison"
44.896696,-0.765023,"Rue Thomas Edison"
44.803864,-0.580775,"Passage Clément Thomas"
44.803926,-0.581019,"Rue Clément Thomas"
44.638791,-1.196118,"Avenue Thomas Illyricus"
44.639189,-1.197868,"Avenue Saint Thomas d'Aquin"
44.638929,-1.197941,"Avenue St Thomas d'Aquin Pyla"
44.768331,-0.555904,"Rue Thomas Edison"
43.2823,3.471596,"Impasse Saint Thomas"
43.61534,3.157541,"Place Albert Thomas"
43.372778,3.33177,"Lieu Dit Golf Saint Thomas"
43.374006,3.338635,"Chemin du Golf de Saint Thomas"
43.335692,3.229481,"Allee Marechal Thomas Bugeaud"
43.38707,3.2486,"Route Guillaume Thomas Raynal"
43.334661,3.229054,"Rue Marechal Thomas Bugeaud"
43.377049,3.329394,"Résidence du Golf Saint-thomas"
43.340212,3.223536,"Rue Ambroise Thomas"
43.633241,3.894487,"Rue Albert Thomas"
43.392483,3.101653,"Impasse Ambroise Thomas"
43.685023,4.137578,"Rue Thomas Millerot"
43.68503,4.147521,"Rue Thomas Edison"
43.621478,3.992642,"Rue Thomas Mann"
43.509794,3.809216,"Rue Thomas Platter"
43.599829,3.848412,"Impasse Thomas More"
43.627109,3.867777,"Impasse du Professeur Louis Thomas"
43.627073,3.867933,"Rue du Professeur Louis Thomas"
43.612484,3.87524,"Rue Thomas"
43.456909,2.862836,"Rue Thomas Nunez"
43.406692,3.501676,"Impasse les Jardins de Thomas"
43.528046,3.523898,"Lotissement le Pre Saint Thomas"
43.247445,3.293637,"Rue Charles Thomas"
48.140493,-1.529512,"Rue Thomas Edison"
47.926643,-1.729084,"Les Saints Thomas"
48.671025,-1.852685,"Quai Administrateur Chef Thomas"
48.679154,-1.847002,"Rue Joseph Thomas"
48.052878,-1.507669,"Rue Saint-thomas du Ronceray"
48.144517,-2.265534,"Ville Thomas"
47.981228,-1.717284,"Rue Thomas Edison"
48.413971,-1.15335,"Rue Thomas de la Touche"
47.975841,-1.868763,"Allée des Champs Thomas"
48.382934,-1.604369,"Lotissement Jean Louis Thomas"
47.830248,-1.316105,"Boulevard Saint-thomas"
47.885527,-1.993628,"Rue Thomas d'Anast"
47.825095,-1.803506,"Rue Thomas Leroy"
47.823719,-1.813315,"Impasse Saint Thomas"
48.510076,-1.89892,"Lotissement de la Croix Thomas"
48.513586,-1.899462,"Rue de la Croix Thomas"
48.575562,-2.014358,"Place Thomas Bourcin"
48.575562,-2.014357,"Rue Thomas Bourcin"
48.185617,-2.008078,"Clos Thomas"
48.133095,-1.954787,"Ruelle Saint Thomas"
48.242324,-1.733477,"Croix Thomas des Champs"
48.242214,-1.733329,"Lieu Dit Croix Thomas"
47.800484,-1.773119,"Rue Thomas le Roy"
48.185981,-1.917067,"Allée du Champ Thomas"
48.09515,-1.650796,"Rue Albert Thomas"
48.108354,-1.675996,"Rue Saint-thomas"
48.104856,-1.695769,"Rue Thomas Connecte"
48.230314,-1.881667,"La Cour Thomas"
48.256259,-1.404376,"Rue Joseph Thomas"
48.25498,-1.401218,"Rue Thomas James"
48.412809,-1.362283,"La Planche Thomas"
48.411892,-1.362649,"Rue de la Planche Thomas"
48.590649,-1.65972,"Rue du Pont Thomas"
48.686932,-1.892959,"Residence le Clos Thomas"
48.686966,-1.892994,"Clos Thomas"
48.63331,-2.093985,"Rue du Port Thomas"
48.650898,-2.023986,"Rue Saint-thomas"
48.651566,-2.023761,"Porte Saint Thomas"
48.17518,-2.1733,"Rue du Pont Thomas"
47.410496,0.986718,"Mail Saint-thomas"
47.499197,1.061708,"Imp de la Garenne Saint Thomas"
47.499827,1.062145,"La Garenne de Saint Thomas"
47.338487,0.702894,"Rue Thomas Edison"
47.406681,0.605502,"Les Fosses Thomas"
47.043124,0.818284,"Rue Thomas"
47.126535,0.998344,"Rue Thomas Pactius"
46.983694,0.484834,"Les Thomas"
47.020915,0.539145,"Les Thomas"
47.410176,0.64584,"Rue Marcel Thomas Lavollée"
47.13087,0.342249,"Ruelle Saint Thomas"
46.736834,0.953623,"Rue Raymond Thomas"
47.382412,0.699754,"Rue Marcel Thomas Lavollée"
47.396306,0.693525,"Rue Albert Thomas"
45.398308,6.076642,"Plan Thomas"
45.536135,5.108103,"Impasse du Thomas"
45.35695,5.617753,"Impasse du Thomas"
45.723551,5.465891,"Rue Louis Thomas"
45.15436,5.707035,"Rue René Thomas"
45.172303,5.702878,"Rue Albert Thomas"
45.190556,5.711065,"Rue René Thomas"
45.600475,5.220635,"Rue Thomas Edison"
45.686584,5.429367,"Place Leon Thomas"
45.723613,5.464219,"Rue Louis Thomas (Arandon)"
45.686572,5.429854,"Place Thomas Léon"
45.687841,5.431032,"Rue Louis Thomas (Passins)"
45.434961,5.252755,"Chemin du Coteau Thomas"
45.237553,5.33566,"Le Thomas"
45.23731,5.336366,"Route du Thomas"
45.527935,4.879196,"Rue Albert Thomas"
43.634064,-0.766869,"Chemin de Thomas"
43.652322,-0.556368,"Chemin de Thomas"
43.652981,-0.568718,"Thomas la Platane"
43.919047,-1.243811,"Impasse Thomas"
43.969494,-0.405636,"Route de Thomas"
43.900581,-0.507412,"Rue Thomas Diaz"
47.717104,1.54226,"Les Plants Saint Thomas"
47.632895,1.29187,"Rue du Clos Thomas"
47.355917,1.751049,"Rue Thomas Jefferson"
47.79959,1.046136,"Rue Albert Thomas"
45.397845,4.329307,"Rue Thomas"
45.566963,4.062349,"Route de Saint Thomas"
45.691314,3.986693,"Impasse St Thomas"
45.584848,4.074727,"Route de Saint Thomas"
46.041447,4.047742,"Rue Thomas Edison"
46.055914,4.062635,"Rue Albert Thomas"
46.04218,4.07312,"Rue Albert Thomas"
45.789248,4.276252,"Le Thomas"
45.792639,4.275308,"Chemin le Thomas"
45.470339,4.51162,"Rue Thomas Dubouchet"
45.438579,4.436497,"Rue Thomas Edison"
45.432745,4.387808,"Place Albert Thomas"
45.413506,4.297822,"Rue Albert Thomas"
45.895572,3.790008,"Route du Col Saint Thomas"
45.411067,3.313431,"Rue Emilien et Marguerite Thomas"
45.410988,3.313525,"Pl Marguerite et Emilien Thomas"
45.407121,3.314855,"Rue Ambroise Thomas"
45.411038,3.313558,"Rue M et E Thomas"
47.481671,-1.748333,"Rue Thomas Edison"
47.298867,-1.508951,"Rue Thomas Edison"
47.123588,-1.420888,"Rue Saint-thomas"
47.089262,-1.553089,"Rue Thomas Edison"
47.210515,-1.731455,"Rue Albert Thomas"
47.635663,-1.836083,"Rue Jean-françois Thomas"
47.199292,-1.67093,"Rue Albert Thomas"
46.893287,-1.596568,"Rue Thomas Edison"
46.979101,-1.800198,"Rue Thomas Edison"
47.209622,-1.529899,"Rue Thomas Narcejac"
47.21751,-1.592641,"Avenue Saint Thomas"
47.232381,-1.550389,"Rue Thomas Maisonneuve"
47.229622,-1.554369,"Rue Félix Thomas"
47.233259,-1.5023,"Rue Thomas Russel Crampton"
47.261657,-1.574051,"Rue Eugène Thomas"
47.222423,-1.578087,"Boulevard Albert Thomas"
47.117743,-2.093555,"Rue Thomas Narcejac"
47.266717,-1.793227,"Saint Thomas"
47.525745,-1.231449,"Impasse du Bois Thomas"
47.525239,-1.230732,"Le Bois Thomas"
47.29409,-2.28834,"Rue Thomas Edison"
47.29042,-2.19642,"Rue Albert Thomas"
47.207019,-1.510141,"Rue Thomas Maisonneuve"
47.657934,-1.464534,"Le Clos Thomas"
46.97257,-1.433361,"Place Saint-thomas"
47.52679,-1.667789,"Place Chanoine Thomas"
48.117696,2.476664,"Rue Georges Thomas"
47.9275,2.138423,"Rue Abbe Thomas"
47.993002,2.721539,"Rue Thomas Barreau"
47.901942,1.916533,"Rue Aignan Thomas Desfriches"
47.836526,1.924883,"Rue Thomas Edison"
47.905062,1.984296,"Allée René Thomas Fauneau"
47.879157,1.869995,"Avenue Aignan Thomas Desfriches"
47.963543,1.887747,"Rue Thomas Edison"
47.991793,2.720737,"Rue Thomas Barreau"
44.609773,2.033402,"Rue Saint Thomas"
44.58346,1.803543,"Mas de Thomas Est"
44.206232,0.61389,"Rue Georges Thomas"
44.643794,0.657824,"Chemin de Thomas"
44.643266,0.656676,"Thomas"
44.457037,0.625591,"Thomas"
44.219235,0.379195,"Thomas"
44.485483,0.950274,"Avenue Albert Thomas"
44.357368,0.771586,"Saint Thomas"
44.005007,0.30942,"Thomas"
44.513388,0.147317,"Rue Thomas Edison"
44.262987,0.041485,"Thomas"
44.387268,0.675541,"Route du Moulin de Thomas"
44.391091,0.664822,"Moulin de Thomas"
44.489731,0.80628,"Thomas"
44.436518,0.129192,"Rue Thomas Edison"
44.521941,3.483558,"Rue du Colonel Thomas"
47.464501,-0.519924,"Rue Albert Thomas"
47.422329,-0.609442,"Place de l'Abbé Thomas"
47.180691,-0.699039,"Rue Lucien Thomas"
47.263424,-0.824215,"Rue Jeanne Thomas"
47.676421,-0.227866,"Rue Bois Thomas"
47.531351,-0.625184,"Rue Thomas Edison"
47.130667,-0.152694,"Rue Saint Thomas"
47.269942,-1.019227,"Rue Saint Thomas"
47.30148,-1.114605,"Le Chene Thomas"
47.269905,-1.017813,"Saint Thomas"
47.112724,-0.988687,"Rue Thomas Edison"
47.077827,-0.945244,"Rue Thomas Edison"
49.670515,-1.263775,"Rue Saint Thomas Becket"
49.670617,-1.263851,"Rue St Thomas"
49.613346,-1.82379,"Rue Thomas Helye"
49.613773,-1.823775,"Rue Thomas Helye Biville"
49.635522,-1.62619,"Rue Thomas Henry"
49.654632,-1.684701,"Rue Albert Thomas (Équeurdreville-Hainneville)"
49.639681,-1.623773,"Rue Albert Thomas (Cherbourg-Octeville)"
49.048934,-1.442746,"Rue Thomas Dumarest"
49.048885,-1.442855,"Rue Thomas du Marest"
48.849266,-1.575005,"Rue Thomas Giordano"
49.207911,-1.525581,"Rue Saint Thomas"
48.995452,-1.257519,"Rue Thomas Douville"
48.507365,-1.449701,"Rue Saint Thomas"
49.364228,-1.728973,"Rue du Mont Thomas"
48.575329,-1.093696,"Rue Thomas Riffaudière"
49.114033,-1.092221,"Impasse Saint Thomas"
49.113505,-1.0905,"Rue Saint-thomas"
49.423485,-1.280998,"Saint Thomas (Beuzeville-au-Plain)"
49.422687,-1.281328,"Saint Thomas (Sainte-Mère-Église)"
48.954646,4.362728,"Rue Thomas Martin"
48.898901,4.433115,"Impasse Jules Thomas"
49.336212,3.910325,"Rue Thomas Picotin"
49.154479,4.0795,"Rue Alfred Thomas"
49.01318,3.922233,"Impasse Thomas"
48.768815,4.853969,"Rue du Buisson Thomas"
49.265248,4.02605,"Place Saint Thomas"
49.265103,4.026781,"Rue Docteur Thomas"
49.235107,4.050589,"Rue Albert Thomas"
49.311983,4.264276,"Ruelle Thomas"
49.210447,4.843839,"Route de Saint Thomas"
49.213194,4.093287,"Chemin Thomas Bas"
49.212998,4.091582,"Chemin Thomas"
49.076423,3.847926,"Les Plantes Thomas"
49.009332,3.904893,"Rue Roger Thomas"
48.107935,4.894664,"Rue Saint Thomas"
48.082022,5.134687,"Rue Georges Thomas"
48.345747,5.184563,"Rue Leger Thomas"
48.627777,4.950094,"Rue Albert Thomas"
48.455359,5.172492,"Place Albert Thomas"
47.76917,-0.815735,"Le Fort Thomas"
48.070588,-0.790258,"Rue Thomas Naudet"
48.067896,-0.803014,"Rue Albert Thomas"
48.284282,-0.626992,"Impasse Thomas Alva Edison"
48.748982,6.191514,"Rue Paul Thomas"
49.529103,5.778447,"Rue Thomas Gilchrist"
49.527377,5.761571,"Rue Albert Thomas"
49.516261,5.76857,"Rue Emile Thomas"
49.540426,5.782652,"Place Ambroise Thomas"
48.692655,6.143049,"Rue Ambroise Thomas"
48.91261,6.064839,"Rue Thomas Mordillac"
48.604715,6.100488,"Rue Albert Thomas"
49.509712,5.761532,"Rue Emile Thomas"
48.691618,5.896768,"Bat Thomas Rue Majorelle"
49.207829,5.939049,"Rue Emile Thomas"
48.485492,5.690661,"Rue Albert Thomas"
48.780783,5.002786,"Rue Thomas de Choisy"
48.890298,5.541119,"Impasse Sir Thomas"
48.606094,5.662287,"Chemin du Poirier Jean Thomas"
49.167252,5.388997,"Rue Pierre Charles Thomas"
47.619835,-2.145385,"Saint Thomas"
47.967953,-2.150984,"Rue des Grees Thomas"
47.863388,-2.319803,"Chemin Perrine Thomas"
47.786741,-3.326502,"Rue Thomas Dobrée"
47.751866,-2.835079,"Rue Thomas Edison"
47.905184,-2.122511,"Rue Saint Thomas"
47.905132,-2.123251,"St Thomas"
47.805202,-3.274338,"Rue du Docteur Ferdinand Thomas"
48.050611,-2.827646,"Porh Thomas"
47.759874,-3.347563,"Impasse Albert Thomas"
47.760285,-3.347197,"Rue Albert Thomas"
47.736182,-3.367372,"Boulevard Albert Thomas"
47.986315,-2.381292,"Rue Saint Thomas"
47.591811,-2.45544,"Place Francois Thomas"
47.927541,-2.373805,"Rue Thomas Edison"
47.698797,-3.250705,"Rue Maurice Thomas"
47.662373,-2.453296,"Residence Louis Thomas"
47.720597,-3.319563,"Rue Docteur Ferdinand Thomas"
47.497252,-2.177401,"Hotel Thomas"
47.650188,-2.122047,"Les Rues Thomas"
47.525978,-2.78386,"Rue du Capitaine Jacky Thomas"
47.661013,-2.725682,"Allee Capitaine Jacky Thomas"
47.635762,-2.778306,"Rue N Thomas Marion Dufresne"
47.657369,-2.758905,"Rue Thomas de Closmadeuc"
49.177484,6.494372,"Rue Messire Thomas"
48.948737,6.134909,"Rue du General Jean Thomas"
49.141376,6.788123,"Rue Ambroise Thomas"
49.248772,6.153291,"Rue Thomas"
49.323415,6.061753,"Impasse Ambroise Thomas"
49.10221,6.776681,"Place Saint Thomas"
49.217778,6.146672,"Rue Ambroise Thomas"
49.372684,6.180011,"Rue Ambroise Thomas"
49.119182,6.174248,"Rue Ambroise Thomas"
49.102348,6.224589,"Rue Thomas Edison"
48.688369,6.802989,"Avenue Thomas Bata"
49.248486,6.046112,"Rue Thomas Gilchrist"
49.252784,6.049155,"Rue Thomas d'Aquin"
49.172031,7.438427,"Rue Saint Thomas de Conac"
49.248388,6.099948,"Rue Ambroise Thomas"
49.110103,6.703692,"Rue Paul Thomas"
49.105424,7.089773,"Rue Thomas Edison"
49.344015,6.130039,"Rue Ambroise Thomas"
49.269884,6.101923,"Rue Ambroise Thomas"
49.356741,6.219493,"Rue Thomas Edison"
47.03493,3.683186,"Le Buisson Thomas"
47.439083,3.164684,"Le Crot Thomas"
47.262247,3.072024,"Rue Albert Thomas"
46.992709,3.136359,"Rue Albert Thomas"
47.264903,4.092808,"Les Chaumes Thomas"
47.046067,3.130434,"Rue Thomas Edison"
50.202138,3.814611,"Rue Fernand Thomas"
50.171922,3.227883,"Place Eugène Thomas"
50.123636,3.413241,"Rue Albert Thomas"
51.023089,2.378082,"Rue Albert Thomas"
51.023476,2.381758,"Rue Thomas Edison"
50.315569,3.370848,"Allée Thomas"
50.370097,3.09859,"Rue Ambroise Thomas"
50.371449,3.084454,"Rue Saint Thomas"
50.191074,3.644089,"Place Eugene Thomas"
50.605076,3.065263,"Rue Alexandre Thomas"
50.013835,4.044343,"Rue Ernest Thomas"
50.78341,3.120462,"Rue Thomas Becket"
50.302078,4.106119,"Rue Thomas Prolongee"
50.301213,4.091765,"Rue Thomas Edison"
50.302003,4.106328,"Rue Ambroise Thomas"
50.303823,4.105599,"Residence les Marzelles Rue à Thomas"
50.652343,3.026156,"Place des Freres Thomas"
50.647001,3.003577,"Rue Albert Thomas (Lomme)"
50.629165,3.113116,"Rue Albert Thomas (Hellemmes-Lille)"
50.605147,3.056399,"Place Albert Thomas"
50.624551,3.036916,"Rue Ambroise Thomas"
50.615096,3.012186,"Square Eugene Thomas"
50.224602,3.64296,"Rue Eugène Thomas"
50.353675,3.537606,"Cour Thomas"
50.282848,3.956779,"Rue Sydney Thomas"
50.47683,3.248657,"Place Andre Thomas"
50.454355,3.030104,"Place Albert Thomas"
50.079476,3.768758,"Ruelle Jean Thomas"
50.517658,2.911559,"Rue Albert Thomas"
50.674307,3.200673,"Rue Albert Thomas"
50.737492,3.19058,"Place Albert Thomas"
50.129491,3.30312,"Rue Thomas"
50.710012,3.206401,"Rue Albert Thomas"
49.381055,2.389083,"Rue Marcel Thomas"
49.177961,2.956006,"Rue Saint-thomas"
49.155313,2.253768,"Rue Thomas Edison"
49.265896,2.474493,"Rue Albert Thomas"
49.234853,2.89036,"Rue Saint Thomas"
49.233839,2.890008,"Place Saint-thomas"
49.234773,2.890548,"Rue St Thomas de Canterbury"
49.232094,2.304453,"Rue Thomas Couture"
49.273028,2.487127,"Rue Thomas Edison"
49.266598,2.474486,"Rue Albert Thomas"
49.238007,2.688396,"Place Maurice Thomas"
49.207208,2.589666,"Rue Thomas Couture"
49.324889,2.157811,"Rue Thomas"
49.288142,2.501952,"Rue Albert Thomas"
48.433927,0.094704,"Avenue Thomas Wilson"
48.748412,-0.015125,"Rue Saint Thomas"
48.623895,0.232359,"La Maison Thomas"
48.588965,-0.631729,"Rue Thomas Becket"
48.669753,0.697015,"Chemin Thomas Galloway"
48.567196,0.697967,"Le Bois Thomas"
48.773398,-0.068425,"Le Clos Thomas"
48.548544,-0.645337,"Le Champ Thomas"
48.722275,0.455528,"Le Parc Thomas"
48.643879,0.815738,"Le Bois Thomas"
48.613735,0.534802,"Rue Thomas Hayot"
50.262005,2.757992,"Rue Albert Thomas"
50.292707,2.749019,"Impasse Zephir Thomas"
50.305684,2.952443,"Rue Albert Thomas"
50.720284,1.623149,"Allee Thomas Nowell"
50.952873,1.85213,"Rond Point Thomas Jefferson"
50.947479,1.890099,"Rue Thomas Prior"
50.512088,2.832743,"Place Thomas"
50.395727,2.973064,"Boulevard Eugène Thomas"
50.424141,2.823845,"Rue Thomas Edison"
50.434233,2.828913,"Rue Eugène Thomas"
50.419108,2.766481,"Rue Ambroise Thomas"
50.429652,2.784643,"Rue Thomas Edison"
50.440043,2.849158,"Rue Eugene Thomas"
50.705577,2.122337,"Rue Albert Thomas"
50.470411,2.713185,"Rue Louis Thomas"
50.468414,2.706449,"Cité Thomas Lefebvre"
50.49712,2.88459,"Rue Albert Thomas"
50.713388,1.594415,"Rue Albert Thomas"
50.97629,2.035535,"Impasse Thomas Becket"
50.472956,2.893062,"Rue Arthur Thomas"
50.301317,2.116437,"Place Saint-thomas"
50.300516,2.118382,"Impasse Saint-thomas"
50.458974,2.844835,"Rue Thomas Edison"
50.782563,1.631225,"Rue Ambroise Thomas"
45.536584,3.749382,"Chemin Claude Thomas Dupuy"
45.723746,3.340334,"Place Alfred Thomas"
45.879309,3.696259,"Rue Saint Thomas"
45.780704,3.061207,"Allée Saint-thomas"
45.779276,3.08664,"Rue Thomas"
45.762299,3.085074,"Rue Albert Thomas"
45.779258,3.086696,"Place Thomas"
46.054208,3.256373,"Rue du Champ Thomas"
46.053896,3.257384,"Rue du Champ Thomas Denone"
45.824343,3.146771,"Rue Albert Thomas"
45.735656,3.139225,"Rue Albert Thomas"
45.728857,3.100095,"Rue Thomas"
45.551579,3.142047,"Rue Thomas Bohier"
46.100403,3.069382,"Impasse Francois Thomas"
46.100271,3.069299,"Rue François Thomas"
43.493724,-1.46057,"Rue Albert Thomas"
43.528461,-1.492977,"Rue Albert Thomas"
43.343309,-0.574973,"Chemin Thomas"
43.324802,-0.3259,"Rue Thomas Edison"
42.482802,3.128743,"Rue Thomas Pascal"
42.676436,2.949646,"Chemin de Saint Thomas"
42.60752,2.978772,"Rue Thomas Edison"
42.510848,2.178173,"Rue de Saint Thomas"
42.511868,2.181987,"Saint Thomas"
42.701362,2.894282,"Boulevard Thomas Wilson"
42.725683,2.885998,"Rue Thomas Edison"
42.686398,2.901128,"Rue Thomas Carrere"
48.570965,7.466755,"Rue Thomas"
48.581447,7.685289,"Rue Saint-thomas"
48.428417,7.658117,"Rue Thomas Murner"
48.804764,7.768633,"Rue Thomas Becquet"
48.642054,7.727673,"Rue Thomas Edison"
48.643073,7.720443,"Rue Saint-thomas"
48.626128,7.704421,"Place Saint-thomas"
48.712606,7.416335,"Rue Saint Thomas"
48.252323,7.434071,"Allee Thomas Edison"
48.589202,7.71117,"Rue Thomas Mann"
48.579186,7.745152,"Quai Saint-thomas"
48.579994,7.74619,"Place Saint-thomas"
48.587991,7.694483,"Rue Christophe Thomas Walliser"
48.421965,7.516593,"Rue Thomas"
48.078395,7.366634,"Rue Thomas"
48.071445,7.337449,"Rue Thomas Murner"
47.911147,7.204115,"Rue de l'Abbé Thomas"
47.965095,7.232708,"Rue Georges Thomas"
45.792264,4.838771,"Rue Albert Thomas"
45.806409,4.821165,"Rue Elisée Thomas"
45.707753,4.858854,"Avenue Albert Thomas"
45.932089,4.517375,"Chemin du Creux Thomas"
45.90082,4.431752,"Rue Philippe Thomas"
45.79026,4.931576,"Allée Jean Thomas"
46.051804,4.566539,"Rue du Jean Thomas"
45.762115,4.956741,"Rue Albert Thomas"
45.663418,4.849334,"Rue Thomas"
45.64261,5.005332,"Chemin de la Chap Saint Thomas"
45.749313,4.860816,"Cours Albert Thomas"
45.736336,4.880712,"Rue Thomas Blanchet"
45.749206,4.860267,"Cours Albert Thomas"
45.726149,4.886134,"Rue Victor et Roger Thomas"
47.882432,6.289664,"Rue Albert Thomas"
47.882397,6.289647,"Avenue Albert Thomas"
47.435039,6.060876,"Rue Thomas Edison"
47.884274,6.275109,"Avenue Albert Thomas"
47.606959,5.793233,"Rue Thomas Leconte"
46.777752,4.827957,"Place Albert Thomas"
46.775773,4.857784,"Rue Thomas Dumorey"
46.495177,5.38801,"Rue Saint Thomas"
46.482045,3.979647,"Rue Honoré Thomas"
46.989231,4.511183,"Rue Albert Thomas"
46.689968,4.862349,"Rue Thomas"
46.826551,4.431887,"Route des Thomas Louis"
47.970978,-0.242282,"Rue Thomas Edison"
48.024487,0.175961,"Rue Thomas Edison"
47.699093,-0.075379,"Rue Saint Thomas"
47.698975,-0.075819,"Impasse Saint Thomas"
47.976547,0.175966,"Rue Sidney Thomas"
48.00841,0.175229,"Rue Colin Thomas"
48.025143,0.180559,"Rue Thomas Edison"
48.007052,0.172711,"Chemin Colin Thomas"
47.970678,0.204134,"Rue Albert Thomas"
48.151222,0.123687,"Cour du Champ Thomas"
45.514158,6.494421,"Route Saint Thomas de Coeur"
45.21611,6.719883,"Rue Saint Thomas"
45.645604,6.355087,"Rue Thomas Edison"
45.476318,6.036809,"Voie Thomas Edison"
45.906914,6.131514,"Rue Thomas Ruphy"
46.384053,6.581657,"Chemin de Saint Thomas"
46.390769,6.588746,"Route de Saint Thomas"
46.380092,6.592397,"Route de Saint Thomas"
45.825341,5.997121,"Route des Champs Thomas"
46.381829,6.575303,"Chemin de Saint Thomas"
48.868813,2.339805,"Rue des Filles Saint-thomas"
48.855852,2.32717,"Rue Saint-thomas d'Aquin"
48.856099,2.327577,"Place Saint-thomas d'Aquin"
48.874205,2.347223,"Rue Ambroise Thomas"
48.869072,2.363811,"Rue Albert Thomas"
48.831668,2.363263,"Rue Yéo Thomas"
48.830497,2.381595,"Rue Thomas Mann"
48.826524,2.338326,"Rue Thomas Francine"
49.846914,0.92376,"Rue Henri Thomas"
49.555769,0.934584,"Rue Albert Thomas"
49.544488,0.950347,"Rue Thomas Corneille"
49.389716,1.144012,"Rue du Clos Thomas"
49.543435,0.847755,"Impasse Thomas Corneille"
49.52525,0.725969,"Rue Thomas Bazin"
49.930198,1.083031,"Rue de l'Asile Thomas"
49.924868,1.074352,"Rue Thomas Bouchard"
49.674622,0.785755,"Le Clos Saint Thomas"
49.412898,1.046094,"Rue Albert Thomas"
49.561509,0.49574,"Rue Thomas Beckett"
49.495244,0.155153,"Rue Ambroise Thomas"
49.461055,1.070483,"Rue Thomas Becket"
49.472326,1.063728,"Allee Ambroise Thomas"
49.403388,1.165612,"Rue Thomas Cossard"
49.304286,0.99253,"Rue Pierre et Thomas Corneille"
49.386279,1.032162,"Rue Nicolas Thomas Bremontier"
49.385327,1.025295,"Rue Thomas Edison"
49.390388,1.022708,"Rue Thomas Corneille"
49.386302,1.032819,"Place Nicolas Thomas Bremontier"
49.417318,1.062242,"Allée Thomas Edison"
49.420119,1.062373,"Rue Albert Thomas"
49.443413,1.086443,"Rue Thomas Corneille"
49.45059,1.083517,"Rue Thomas Dubosc"
49.50278,0.974685,"Saint Thomas"
49.503876,0.085111,"Rue Thomas Francois Paumelle"
49.409886,1.087693,"Rue Albert Thomas"
49.490487,0.971504,"Chemin de Saint Thomas"
49.819935,0.643117,"Vallon Saint Thomas"
49.819946,0.640813,"Rue de la Côte Saint-thomas"
48.556575,2.592652,"Square Saint Thomas"
48.477679,3.2498,"Rue Louis Thomas"
48.671036,2.846384,"Rue Felix Thomas"
48.802213,3.277364,"Cour Albert Thomas"
49.024279,3.020595,"Rue Albert Thomas"
48.964354,2.916562,"Rue Thomas Edison"
48.39618,2.953727,"Rue André Thomas"
48.439283,3.208417,"Rue Albert Thomas"
48.44045,3.206525,"Impasse Albert Thomas"
48.848217,2.782362,"Rue du Pré Thomas"
48.845182,2.782448,"Place Thomas le Pilleur"
49.008768,2.935924,"Chemin du Noyer Thomas"
48.534473,2.67591,"Rue Albert Thomas"
49.029242,1.816543,"Rue Thomas"
48.786526,2.051959,"Rue Thomas Edison"
48.770694,2.019303,"Square Thomas Becket"
48.979766,1.921576,"Rue Albert Thomas"
48.783463,2.190998,"Rue Albert Thomas"
46.110243,-0.072959,"Place Emile Thomas"
46.33207,-0.422768,"Rue Ambroise Thomas"
46.345021,-0.485194,"Rue Thomas Sankara"
46.307464,-0.485544,"Rue Thomas Portau"
46.989104,-0.211926,"Rue Albert Thomas"
49.891357,2.282721,"Impasse Thomas"
49.87814,2.302812,"Chemin du Mont Thomas"
49.876769,2.302518,"Residence le Mont Thomas"
50.00707,2.872809,"Rue Thomas Bonnuit"
50.249534,1.872995,"Rue du Château Thomas"
50.063279,1.610826,"Rue Albert Thomas"
49.874728,2.766829,"Ruelle Thomas"
50.090619,1.541582,"Impasse Albert Thomas"
50.091183,1.543179,"Avenue Albert Thomas"
49.903266,2.532254,"Residence Thomas"
49.71952,2.541084,"Rue Marcel Thomas"
43.935224,2.146871,"Avenue Albert Thomas"
43.987865,2.139389,"Passage Albert Thomas"
43.987816,2.138984,"Rue Albert Thomas"
44.052126,2.1583,"Avenue Albert Thomas"
43.611475,2.234164,"Impasse Albert Thomas"
43.612503,2.234333,"Boulevard Albert Thomas"
43.607453,2.2405,"Rue Frederic Thomas"
43.607309,2.240947,"Impasse Frederic Thomas"
43.901676,1.893455,"Place des Rives Thomas"
43.899303,1.89421,"Place Philadelphe Thomas"
43.472413,2.502409,"En Thomas"
43.46845,2.502923,"Lieu Dit En Thomas"
44.054449,2.130329,"Impasse Albert Thomas"
44.054248,2.131184,"Place Albert Thomas"
43.739157,1.86874,"Route de la Croix de Thomas"
43.947571,2.207646,"Rue Albert Thomas"
43.773363,1.671237,"Imp du Capitaine Jacky Thomas"
43.773423,1.671409,"Impasse Jacquy Thomas"
44.014076,2.124633,"Impasse de la Borie Thomas"
43.924824,2.078576,"Chemin de Jean Thomas"
43.917145,2.086133,"Lieu Dit Jean Thomas"
44.034126,1.368939,"Rue Thomas Edison"
44.012537,1.381114,"Rue Thomas Jefferson"
44.153617,1.751982,"Chemin de Thomas Merton"
44.064193,1.023249,"Rue Thomas Goulard"
43.302025,6.18867,"Rue Godeffroy Thomas"
43.528598,6.481454,"Boulevard Emile Thomas"
43.439699,6.715058,"Impasse Thomas Edison"
43.118881,6.131598,"Avenue Ambroise Thomas"
43.123261,6.261259,"Rue du Lot Thomas"
43.137489,6.234566,"Rue Ambroise Thomas"
43.438472,6.641336,"Rue Alex Thomas"
43.081138,5.891655,"Rue Ambroise Thomas"
43.163092,5.932786,"Lotissement Saint-thomas"
43.127136,5.952324,"Impasse Ambroise Thomas"
43.934908,4.805949,"Rue Thomas Lainée"
43.948108,4.802039,"Rue Saint Thomas d'Aquin"
44.292669,4.760965,"Allee Thomas Edison"
43.840435,5.038181,"Rue Thomas Hérisson"
44.050455,4.836505,"Impasse Thomas Petrucci"
43.998414,5.06004,"Rue Thomas de Camaret"
43.678297,5.503138,"Impasse Thomas Alva Edison"
43.962223,4.859414,"Place Joseph Thomas"
43.964297,4.862604,"Avenue Pierre Thomas"
44.014798,4.885362,"Avenue Thomas Edison"
43.970146,4.903107,"Impasse Thomas de Galleans"
46.723261,-1.550836,"Rue Thomas Edison"
46.802606,-1.425784,"Rue Thomas Edison"
46.634169,-1.839932,"Rue Thomas Edison"
46.848504,-1.893243,"Rue Thomas Edison"
46.846448,-1.857552,"Rue Thomas Couture"
46.837546,-1.878703,"Rue Constant Thomas"
46.741096,-1.432887,"Rue Thomas Edison"
46.472722,-0.804843,"Rue des Toits de Saint Thomas"
46.471698,-0.805184,"Rue de Saint Thomas"
46.474471,-0.799692,"Rue des Combes de Saint-thomas"
46.889569,-1.834056,"Rue du Faubourg Saint Thomas"
46.899931,-1.045923,"Rue Thomas Edison"
46.461766,-1.170877,"Rue Léonce Thomas"
46.518067,-0.754457,"Saint Thomas"
46.518278,-0.748514,"Le Coteau de Saint Thomas"
46.398357,-0.665278,"Rue Saint Thomas"
46.7196,-0.801664,"Rue Ernest Thomas"
46.745191,-1.911039,"Impasse Henri Thomas"
46.978103,-0.965621,"Rue Thomas Edison"
46.669012,0.361894,"Avenue Thomas Edison"
46.8259,0.533801,"Rue Thomas Edison"
46.397978,0.728032,"Rue Thomas Edison"
46.875812,-0.022691,"Cite Saint Thomas"
46.843196,0.379147,"Lieu Dit les Thomas"
45.880253,1.239874,"Rue Lucien Thomas"
45.834169,1.246524,"Avenue Albert Thomas"
45.824876,1.256833,"Impasse Paul Thomas"
45.856063,1.436981,"Place Saint Thomas Becket"
45.855954,1.437024,"Placa St Thomas Becket"
48.379944,6.668661,"Place Henry Thomas"
48.204786,6.71719,"Place Henri Thomas"
48.181199,6.809657,"Rue des Champs Thomas"
48.016416,6.083815,"Thomas"
48.29075,6.953848,"Rue Henri Thomas"
48.24871,6.44014,"L'Etang Thomas"
47.993022,6.718501,"Rue Joseph Thomas"
47.799752,3.578318,"Rue Thomas Ancel"
47.799652,3.572411,"Rue Thomas Girardin"
48.083314,3.20154,"Rue Thomas Loiseau"
47.910727,3.708554,"Rue Saint Thomas"
47.640035,3.667859,"Ruelle Thomas"
48.223264,3.281659,"Rue Thomas Becket"
47.582071,3.23383,"Lieu Dit les Thomas"
47.634633,6.853886,"Avenue Thomas Woodrow Wilson"
47.652415,6.853947,"Rue Albert Thomas"
47.565841,6.912014,"Rue Louis Thomas"
47.661345,6.838166,"Impasse Albert Thomas"
48.712426,2.378831,"Rue Albert Thomas"
48.558441,2.210282,"Rue Saint Thomas"
48.722009,2.458984,"Rue Albert Thomas"
48.438327,2.141567,"Rue Gabriel Thomas"
48.568735,2.277076,"Rue Thomas Edison"
48.60652,2.44548,"Rue Thomas Edison"
48.736698,2.262611,"Rue Thomas Mazarick"
48.735188,2.261513,"Allée Albert Thomas"
48.735306,2.261689,"Rue Thomas Masarik"
48.730735,2.170522,"Rue Robert Thomas"
48.474954,2.248444,"Rue Thomas Becket"
48.913542,2.288599,"Rue Auguste Thomas"
48.76517,2.260369,"Avenue Albert Thomas"
48.798055,2.188876,"Rue Elphege Thomas"
48.924726,2.252662,"Rue Thomas d'Orléans"
48.905066,2.271599,"Rue Ambroise Thomas"
48.9298,2.310741,"Rue Thomas Edison"
48.888868,2.19369,"Rue Thomas Lemaître"
48.889069,2.184308,"Square Thomas Campanella"
48.890406,2.182669,"Square Thomas More"
48.773322,2.253602,"Avenue Albert Thomas"
48.928251,2.511868,"Rue Thomas Edison"
48.860028,2.420471,"Rue du Lieutenant Thomas"
48.935707,2.461027,"Rue Albert Thomas"
48.898919,2.479136,"Place Albert Thomas"
48.937005,2.428575,"Rue Albert Thomas"
48.923416,2.417577,"Rue Ambroise Thomas"
48.950531,2.420188,"Rue Albert Thomas"
48.918807,2.537522,"Avenue Albert Thomas"
48.872863,2.467247,"Rue Thomas Sankara"
48.846947,2.571746,"Place Eugène Thomas"
48.89964,2.498552,"Avenue Albert Thomas"
48.881433,2.404735,"Allee Albert Thomas"
48.886951,2.408318,"Allee Thomas More"
48.873352,2.445394,"Rue Albert Thomas"
48.884703,2.481036,"Allee Ambroise Thomas"
48.943009,2.58551,"Place Albert Thomas"
48.899239,2.502402,"Avenue Albert Thomas"
48.811592,2.510366,"Rue Albert Thomas"
48.796562,2.44682,"Square Thomas Edison"
48.775008,2.47052,"Rue Albert Thomas"
48.797627,2.447664,"Rue Thomas Edison"
48.763948,2.331008,"Rue Albert Thomas"
48.76476,2.331976,"Rue Albert Thomas"
48.818755,2.377275,"Rue Antoine Thomas"
48.80935,2.362121,"Avenue Eugène Thomas"
48.751301,2.347126,"Rue Thomas Francine"
48.749443,2.455412,"Place Thomas Edison"
48.735275,2.45219,"Rue Albert Thomas"
48.783394,2.394335,"Avenue Albert Thomas"
48.93678,2.237414,"Rue Ambroise Thomas"
48.993355,2.421654,"Rue Ambroise Thomas"
48.926786,2.204264,"Rue Ambroise Thomas"
49.042449,2.315175,"Allee Thomas Edison"
48.956807,2.197908,"Rue Thomas Edison"
48.992346,2.286062,"Rue Jean Thomas"
48.984658,2.255744,"Rue Alexandre Thomas"
48.992571,2.42373,"Rue Ambroise Thomas"
49.003625,2.229737,"Allée Thomas Edison"
49.057712,2.085517,"Rue Albert Thomas"
49.041018,2.124596,"Rue Thomas Edison"
49.002819,2.265799,"Rue Robert Thomas"
49.087348,1.894743,"Rue Thomas du Fosse"
49.008436,2.387256,"Rue Thomas Couture"
16.255305,-61.520668,"Impasse Saint Thomas"
16.253311,-61.554794,"Rue Thomas Edison"
16.110791,-61.772393,"Rue de Thomas"
15.986545,-61.711527,"Rue Thomas le Preux"
16.284953,-61.797564,"Impasse Paul Thomas"
14.639024,-61.063604,"Impasse Thomas Désert"
14.873722,-61.179686,"Rue Thomas Minolien"
14.430649,-60.884532,"Rue Thomas Gontrand"
5.157818,-52.654128,"Rue Thomas Edison"
5.157383,-52.645528,"Rue Thomas Guidiglo"
5.175653,-52.653776,"Rue François Thomas"
-21.257743,55.378979,"Impasse Caverne Thomas"
-21.125083,55.637898,"Rue Thomas Robert"
-21.143542,55.62272,"Clos Saint Thomas"
-20.957302,55.317798,"Mail Rachel Thomas"
-20.935847,55.299966,"Allee Albert Thomas"
-20.932137,55.298423,"Rue Thomas Seebeck"
-20.956624,55.334939,"Rue Thomas Sankara"
-20.982094,55.389051,"Allee Thomas"
-20.938081,55.648414,"Rue Emile Thomas"
-21.278219,55.418012,"Chemin Lucay Thomas Fortuna"
-21.043045,55.25874,"R Regis Thomas"
-21.043107,55.258575,"Impasse Ariste Thomas"
-20.979417,55.337714,"Rue de l'Eglise Saint Thomas"
-21.04309,55.258619,"Impasse Regis Thomas"
-21.324417,55.481028,"Rue Théodore Thomas"
-21.270073,55.501882,"Impasse Thomas Edison"
-21.19632,55.531122,"Chemin Thomas Payet"
